<?xml version="1.0" encoding="UTF-8"?>
<!DOCTYPE hibernate-configuration PUBLIC
        "-//Hibernate/Hibernate Configuration DTD//EN"
        "http://www.hibernate.org/dtd/hibernate-configuration-3.0.dtd">
<hibernate-configuration>
    <session-factory>
        <!-- Database connection settings -->
        <property name="hibernate.connection.driver_class">com.mysql.jdbc.Driver</property>
        <property name="hibernate.connection.url">jdbc:mysql://localhost:3306/db1</property>
        <property name="hibernate.connection.username">root</property>
        <property name="hibernate.connection.password">dgsdg454FF@</property>

        <!-- Mapping file -->
        <mapping resource="com/example/entities/Book.hbm.xml"/> <!-- Adjust the path based on your project structure -->

        <!-- Other Hibernate configurations -->
        <!-- ... -->

    </session-factory>
</hibernate-configuration>