<?xml version="1.0" encoding="UTF-8"?>

<!-- collection of object beans -objects collection , bean -object-->
<beans xmlns="http://www.springframework.org/schema/beans"
    xmlns:xsi="http://www.w3.org/2001/XMLSchema-instance"
    xmlns:context="http://www.springframework.org/schema/context"
    xsi:schemaLocation="http://www.springframework.org/schema/beans http://www.springframework.org/schema/beans/spring-beans.xsd
    http://www.springframework.org/schema/context http://www.springframework.org/schema/context/spring-context.xsd">


<bean id="airtel" class="MavenSpring.Springdemo.Airtel">
<property name="dataStrength" value="airtel is having good strength"></property>
</bean>
<bean id="idea" class="MavenSpring.Springdemo.Idea">
<constructor-arg name="dataStrength" value="Idea is having poor strength"></constructor-arg>
</bean>  
</beans>
